Amb_temp,FS0,FS1,FS2,FS3,FS4,FS5,Supply_Air_Temp0,Supply_Air_Temp1,Supply_Air_Temp2,Supply_Air_Temp3,Supply_Air_Temp4,Supply_Air_Temp5,LC_FlowRate1,LC_FlowRate2,cooling_power,rack_power,IT_power,RCI_HI,RCI_LO,PUE,Rack_Tem0,Rack_Tem1,Rack_Tem2,Rack_Tem3,Rack_Tem4,Rack_Tem5,Rack_Tem6,Rack_Tem7,Rack_Tem8,Rack_Tem9,Rack_Tem10,Rack_Tem11,Rack_Tem12,Rack_Tem13,Rack_Tem14,Rack_Tem15,Rack_Tem16,Rack_Tem17,Rack_Tem18,Rack_Tem19,Rack_Tem20,Rack_Tem21,Rack_Tem22,Rack_Tem23,Rack_Tem24,Rack_Tem25,Rack_Tem26,Rack_Tem27,Rack_Tem28,Rack_Tem29,Rack_Tem30,Rack_Tem31,Rack_Tem32,Rack_Tem33,Rack_Tem34,Rack_Tem35,Rack_Tem36,Rack_Tem37,Rack_Tem38,Rack_Tem39,Rack_Tem40,Rack_Tem41,Rack_Tem42,Rack_Tem43,Rack_Tem44,Rack_Tem45,Rack_Tem46,Rack_Tem47,Rack_Tem48,Return_Air_Temp0,Return_Air_Temp1,Return_Air_Temp2,Return_Air_Temp3,Return_Air_Temp4,Return_Air_Temp5,LC_RET0,LC_RET1
19.5,60,60,60,60,60,60,21.60000038,25.70000076,24.89999962,24,24.29999924,26.20000076,102.9,104.2,330.6777669,570.4742222,822.8190298,100,100,1.403683861,25.27222358,24.40026185,24.84208968,24.54755552,24.50696271,24.34044515,24.88730217,25.73185167,25.88514654,26.52467876,26.65299166,26.34740819,25.29950652,25.15134606,25.26269053,25.72679531,26.1022228,26.72470591,26.5592573,25.52790181,25.40666656,25.50416667,25.96666667,25.66509794,25.87346351,25.94400065,26.24366032,26.06378996,26.06432734,25.38169903,25.27764789,23.78459238,24.66488837,26.15318359,25.52355523,25.71462045,26.25308521,25.67140752,26.0617553,25.7859259,25.62353005,26.13310954,26.40862742,25.51451025,25.8566668,26.05799995,25.76933295,24.88765447,26.83580126,27.20000076,26.70000076,27.60000038,29.79999924,26.89999962,27,24,24.5
18.17686574,60,60,60,60,60,60,21.89999962,25.79999924,25,24.20000076,24.39999962,26.20000076,105.2,104.5,334.0945444,565.7897778,828.138109,100,100,1.405154452,25.28916796,24.3989545,24.8883647,24.54696343,24.53096246,24.38844428,24.91428668,25.74873987,25.887018,26.53192917,26.63282085,26.33975408,25.29703708,25.13567237,25.26386005,25.72339729,26.10509807,26.72810426,26.60715905,25.58543113,25.48527832,25.58000031,26.03142884,25.72392068,25.91503236,26.06511081,26.37411806,26.17751656,26.09099321,25.48208965,25.37856238,23.89066678,24.6942216,26.17155382,25.55933458,25.72771938,26.34888901,25.74133265,26.08444453,25.84962912,25.72679818,26.18933404,26.4925494,25.59006555,25.94466715,26.13200019,25.84999986,24.92666709,26.84987582,27.20000076,26.60000038,27.60000038,29.79999924,27,27,24,24.5
18.67485167,60,60,60,60,60,60,22,25.79999924,24.89999962,24.29999924,24.5,26.20000076,103.1,104.5,346.45293,558.3497778,813.7110867,100,100,1.427430339,25.26139052,24.44601317,24.87816872,24.59377785,24.50370461,24.35288845,24.8368259,25.63851906,25.78058511,26.41731057,26.47658211,26.24666658,25.24345756,25.03578916,25.16467842,25.6758154,26.03163376,26.65281001,26.45851795,25.55876736,25.47916616,25.58722365,26.00666756,25.75032871,26.00104374,26.10822157,26.33751707,26.25437873,26.24187097,25.45202732,25.34457417,23.87585268,24.647555,26.08948134,25.66600111,25.86198802,26.24814664,25.69362974,26.10385899,25.94197546,25.77751832,26.17622274,26.4402607,25.77673196,25.94666626,26.07444485,25.82199938,24.91036904,26.84641882,27.20000076,26.5,27.60000038,29.79999924,26.89999962,26.89999962,24,24.5
18.70999908,60,60,60,60,60,60,22.29999924,25.89999962,24.89999962,23.79999924,24.10000038,26.20000076,105.2,104.2,358.0507994,568.7768889,830.8000004,100,100,1.432627539,25.28472239,24.45124272,24.86928152,24.58548069,24.47200033,24.42355523,24.91968258,25.8053333,25.94760285,26.58690064,26.59316239,26.19135802,25.12716027,25.18503004,25.17450251,25.70535897,26.11215661,26.64941167,26.59604914,25.64938196,25.61444414,25.76083374,26.18190375,26.03947674,26.26274478,26.36777724,26.54980357,26.42797405,26.04397629,25.29150375,25.12575077,23.57096345,24.7031113,26.31881438,25.78888943,26.03532087,26.35802484,25.8675557,26.39181244,26.11950563,26.06405133,26.49377848,26.67529616,25.86300615,26.10666585,26.00111043,25.75711032,24.88197489,26.86691322,27.29999924,26.89999962,27.60000038,30,26.89999962,26.89999962,24,24.5
21.52499962,60,60,60,60,60,60,24.29999924,26.29999924,25,24,24.20000076,26.20000076,103.4,104.6,356.9286248,584.7404444,833.7613082,98.46159707,100,1.431544152,25.31999953,24.34745152,24.94039283,24.53333306,24.37718461,24.36755561,24.9371427,25.84059154,26.03532158,26.62362582,26.55658136,26.0901227,24.9841977,25.25637593,25.16514671,25.67058808,26.18666625,26.68392119,26.80864137,25.80172948,25.9555564,26.13277605,26.53555734,26.43869198,26.82483772,27.22133314,27.41228889,27.26849676,26.15087791,25.28967349,25.02039181,23.41422173,24.76844442,26.45214717,25.92266724,26.39836197,26.66444574,26.28533185,26.83227996,26.76987546,26.85202669,27.21022176,27.39529431,26.72888997,26.61511108,26.12977756,25.76355537,24.93827326,26.95753114,27.5,26.89999962,27.79999924,30.10000038,27,27,24,24.6
21.56999969,60,60,60,60,60,60,25.20000076,26.60000038,24,22.79999924,23.89999962,26.29999924,108.2,108.3,360.4224979,598.2284444,875.3143049,96.68628038,100,1.413190337,25.22860972,24.04810576,24.41777822,23.72029586,23.34874078,23.39644518,24.20158682,25.2799991,25.49193058,26.12257387,25.7405143,25.35086346,23.91456713,24.35064312,24.39204708,25.07215728,25.85124256,26.61333343,27.02790166,25.84222216,26.0958335,26.32694499,26.74984111,26.64496703,27.02274465,27.47577813,27.71320115,27.53725474,26.31649163,25.35320255,24.89829915,22.73896313,24.0573327,26.63140589,25.89577745,26.47883101,26.8479016,26.49866536,27.0390655,27.02938232,27.1296741,27.63733303,27.59555536,26.97071876,27.03955458,26.26066637,25.80688843,24.90839572,26.98271605,27.79999924,27,27.89999962,30.39999962,27.5,27.10000038,24,24.6
22.56999969,65,65,60,65,65,60,25.60000038,27,24,23.39999962,24.39999962,26.20000076,108.8,108.8,380.8866015,603.7595556,869.4742058,92.3493486,100,1.44127971,25.28166606,24.22431306,24.74039123,24.34518365,23.51496347,23.3262222,23.85587342,24.83437021,24.96000099,25.50479565,25.33641013,25.09432049,23.4120983,23.66362647,24.05777859,24.76365959,25.63999997,26.62614507,27.20987684,26.11555537,26.49333276,26.66194458,27.10158769,27.10483654,27.48287601,27.96266574,28.01568675,27.58666785,26.62128706,25.75058753,25.47738588,23.26666748,24.04911167,26.91555556,26.22377875,26.68023118,27.15456829,26.80148184,27.39251616,27.47382858,27.50248258,27.82688938,28.00522621,27.28444521,27.31866781,26.35733493,26.05822266,25.15358118,27.07481674,28.10000038,27.10000038,27.89999962,30.60000038,27.60000038,27,24,24.6
22.79000092,75,75,60,75,75,60,25.79999924,27.29999924,24,23.79999924,24.70000076,26.29999924,109.5,109.3,399.2142794,598.0022222,878.6619234,89.19169727,100,1.45755715,25.35861087,24.45202549,24.99869329,24.70874042,23.53155653,23.40266629,23.95745995,24.62222222,24.57684198,24.99344939,24.9264951,24.83678958,23.17333351,23.06502921,23.73871271,24.50928181,25.41437717,26.57202611,27.41086396,26.35135799,26.76277822,26.88583442,27.40031641,27.42797453,27.78797424,28.21044529,29.15790936,27.52967442,26.73403549,25.86771408,25.69280966,23.4,23.9393339,27.0951114,26.40688843,26.6788303,27.31506167,27.11496492,27.63766176,27.75703788,27.7066652,27.90311062,28.26405069,27.46588238,27.3242216,26.27711195,26.10577813,25.19777832,27.08321036,28.39999962,27.29999924,28,30.70000076,27.79999924,27.10000038,24,24.6
23.72499943,75,75,60,75,75,60,25.89999962,27.39999962,23.89999962,24.10000038,24.89999962,26.20000076,107.9,107.6,394.6605468,587.0471111,833.1838832,94.28904142,100,1.476977169,25.29999932,24.24052367,24.8138565,24.40562952,23.37451742,23.20800008,23.69079357,24.62666594,24.69684231,25.14526339,24.94700844,24.78370391,23.1516056,23.30970716,23.78830352,24.49516306,25.39686287,26.40914953,27.10296284,26.08543159,26.45388811,26.60333405,27.07333306,27.09045793,27.45490148,27.85466661,27.88156786,27.26300695,26.39555593,25.66013072,25.49228803,23.41185176,23.99533359,26.87377749,26.10422119,26.44608133,27.17259295,26.68651801,27.28538026,27.28444417,27.34222245,27.70888916,27.91790748,27.10196126,27.06244493,26.12955594,25.97311062,25.1861732,26.89209723,28.29999924,27.29999924,27.89999962,30.70000076,27.70000076,27,24,24.5
23.87988269,62,62,60,61,61,60,19,20.89999962,24.5,25.20000076,21.39999962,26.10000038,105.8,104.2,434.6428577,594.4764444,836.8857247,99.93474313,100,1.522822712,25.0319436,23.91503212,24.92366026,24.81718424,24.21985261,24.54444472,24.92063511,25.69688965,25.78549676,26.06900613,26.22632452,25.81333302,24.75506192,25.09918034,25.14713542,25.60078285,26.1537253,26.76522879,24.4893829,21.79777719,21.55888918,22.386945,23.61047509,22.62849672,24.2075812,23.17955573,25.2033993,24.5304575,24.76678353,25.52182936,25.58509849,24.51822229,24.97933295,24.229629,21.26000075,22.1719299,23.57012435,23.01688974,23.37497109,22.8101231,22.68549071,24.13666673,25.56862697,23.98248315,24.88577772,26.08844415,26.05622165,25.46839509,27.06395173,27.79999924,27.10000038,27.5,30.29999924,27.29999924,27,23.9,24.4
24.24499989,60,72,60,60,60,60,20.39999962,14.89999962,25.10000038,25.89999962,25.60000038,26.39999962,102.1,101.7,412.2095176,592.1511111,831.7396705,99.71907374,99.85510247,1.499026688,24.73888889,23.80888863,24.6488886,24.52829735,23.54162923,23.81422201,24.32666781,25.24651855,25.27064395,25.53918157,25.68683706,25.40839384,23.99259154,24.56327447,24.64491238,25.24522833,26.08339924,26.9056205,23.59975322,20.77111116,20.61500024,21.45944392,22.90920662,21.87921494,24.29437902,23.13511074,25.39398752,25.30326813,25.03953201,26.090981,25.8969934,24.08533321,24.45177877,23.09481509,19.85800042,20.98011724,22.58938297,22.50014757,22.96842284,22.80617359,22.16601172,23.41622206,25.63137271,24.70483558,25.14355523,26.70599894,26.49310981,25.59703686,27.27530774,26.89999962,26.39999962,28,30.60000038,26.79999924,27.39999962,24,24.6
24.30999947,60,74,60,60,60,60,22.39999962,14.69999981,24,24.79999924,25.60000038,26.39999962,99.7,98.4,409.8225315,602.3168889,861.8290543,99.52431131,99.4916105,1.478779202,24.51361025,23.4036598,24.37071892,24.27614728,23.21837014,23.53377753,24.13174613,25.05363118,25.08631649,25.28233964,25.47282047,25.28395024,23.88740754,24.35789502,24.50245633,25.13307156,26.06692884,26.93437947,22.89358016,20.2691361,20.20999993,21.19861077,22.68317474,21.47555626,23.91450977,22.43288866,24.70509823,24.61725444,24.67789492,26.17647059,25.98823577,23.9997035,24.33266724,22.80207339,19.50177829,20.64327421,22.41185265,22.1721478,22.66432784,22.500247,21.77228757,22.84844401,25.28627379,24.13176437,24.69377747,26.90222182,26.63644518,25.71530777,27.46617492,26.79999924,26.10000038,27.89999962,30.79999924,27,27.39999962,24,24.5
24.93500042,60,75,60,60,60,60,19.5,14.39999962,24.10000038,24.79999924,25.70000076,26.39999962,98.7,98.7,413.3285649,593.9111111,865.2666742,99.6225733,99.41836721,1.481040744,24.46472168,23.2645752,24.34797363,24.25244403,23.10903709,23.41866631,24.00222333,24.91970341,25.05847846,25.33894778,25.47452893,25.409877,24.14641965,24.2825735,24.55415182,25.1835296,26.11477115,26.9715032,22.55086436,20.26395038,20.29500054,21.33388909,22.73111175,21.51189571,24.11398662,22.93111111,25.08993502,25.24418235,24.86666652,26.17464033,26.04078393,24.03407407,24.39644504,22.64385136,19.42999986,20.61988347,22.40395093,22.15140724,22.77122796,22.62963084,22.06091532,23.1824452,25.65437714,24.77437944,24.85599881,26.9244439,26.64822293,25.69752981,27.36987817,26.39999962,26.20000076,28,31,27,27.39999962,24,24.5
25.23999977,60,75,60,60,60,60,20.20000076,14.39999962,24.10000038,24.79999924,25.70000076,26.39999962,97.6,97.8,415.1966216,594.8715556,856.85714,99.55832614,99.35963679,1.487940384,24.3949991,23.15843163,24.25647036,24.18666612,23.03703731,23.35644301,24.03619065,24.85896439,24.99040977,25.21216356,25.37982908,25.31209913,24.14962964,24.26081943,24.55649221,25.12522922,26.08627547,26.96679751,22.32691379,20.13703711,20.27722227,21.31972241,22.72761947,21.58588285,24.31032627,23.27688883,25.35764647,25.68365901,25.24865466,26.16784189,26.03477009,24.00681378,24.38733426,22.56207429,19.37244405,20.61005859,22.44197493,22.13037019,22.87274748,22.86444378,22.31738688,23.44222249,25.81986922,25.09281022,25.28866604,26.98444336,26.65533434,25.72222252,27.43284038,26.39999962,26.10000038,28,30.79999924,27.10000038,27.29999924,24,24.5
25.96487494,60,74,60,60,60,60,22.5,14.5,24.10000038,24.79999924,25.79999924,26.39999962,98.8,99.2,421.3666725,570.3297778,853.2555339,99.85487534,99.23129149,1.497232837,24.23249944,23.03477081,24.15398747,24.0933336,22.89481436,23.28800008,23.93460393,24.75288845,24.79415269,25.06269074,25.25948705,25.19481503,23.98518496,24.18339223,24.44771843,25.05908602,25.96078256,26.84052208,22.02938278,19.96666606,20.17249993,21.22305578,22.57777855,21.69908399,24.63398661,23.68577766,25.81673289,26.21986874,25.87976631,26.19424849,25.9639232,23.85777814,24.20022176,22.45185113,19.27999959,20.38105212,22.16765408,22.20651846,23.04865544,23.27456793,22.8590857,24.15133382,26.18326823,25.52836595,25.98666762,26.88977702,26.52244371,25.45456829,27.14222216,26.60000038,26.10000038,27.89999962,30.89999962,27.29999924,27.29999924,24,24.5
25.71999931,60,75,60,60,60,60,24.89999962,14.69999981,24,24.60000038,25.60000038,26.29999924,96,95.4,406.4774251,555.6822222,813.8677467,99.94184246,98.86510455,1.502879463,23.99138989,22.84967408,23.96705881,23.95733245,22.78311089,23.20133341,23.92190484,24.61777687,24.52000026,24.79836333,25.06051203,25.00641992,23.92049402,23.9658473,24.2336832,24.90431331,25.72313719,26.65542471,21.94864133,19.94469122,20.13000022,21.13416706,22.65904764,21.73124106,24.94169786,24.45222263,26.63973907,27.05699439,26.50502873,26.12208994,25.80209035,23.66488878,23.92622165,21.94311107,18.94311123,20.08725122,21.99654209,22.32740822,23.23953229,23.78345691,23.37150448,25.09666646,26.93098081,26.39085047,26.72511108,26.73355509,26.31711005,25.20666579,26.83481415,26.5,26,27.79999924,30.39999962,27.20000076,27.20000076,24,24.5
26.20499992,60,75,60,60,60,60,25.10000038,14.60000038,24,24.60000038,25.5,26.29999924,96,96.4,398.4714293,580.0262222,812.865061,99.94557814,98.66255945,1.493773832,24.01749929,22.87398666,23.99137322,23.98014902,22.89777678,23.22711073,23.89746036,24.59733362,24.53333312,24.7637429,25.04307632,25.03333363,23.92246983,23.95368474,24.24187069,24.91947851,25.73725442,26.6677128,21.92320911,19.85086391,19.95555556,20.98833305,22.54063508,21.47111066,24.45882265,23.57133308,25.83843196,26.15607735,25.86362662,26.17568583,25.88522981,23.7774821,24.08933234,21.78755543,18.88288879,20.01426931,21.84765309,22.17748155,22.89754367,23.32172919,22.6371239,24.03377842,26.25516294,25.40496722,26.04622206,26.8104442,26.43755493,25.34493845,27.05333342,26.60000038,25.79999924,27.79999924,30.39999962,27.29999924,27.20000076,24,24.6
26.42000008,60,76,60,60,60,60,24.60000038,14.80000019,24,24.60000038,25.60000038,26.29999924,96.4,97.4,414.3401456,580.492,849.5206105,99.85411921,98.91408448,1.491005217,24.0713885,22.91869295,24.00993461,24.02607467,23.0251841,23.25288845,23.89968213,24.60592547,24.58292436,24.81239799,25.08307699,25.07753077,23.90123427,23.95766073,24.26268903,24.89124277,25.75686211,26.68941132,22.05950528,19.96024682,20.00583352,21.06527701,22.63777863,21.52261428,24.48235246,23.68622158,26.00418358,26.40000016,25.82245623,26.21568564,25.91529485,23.83288864,24.16800056,21.94311089,18.97555596,20.07111088,21.89950524,22.19703704,22.85473626,23.19530971,22.60130671,24.07977844,26.2290201,25.61803896,25.97755615,26.85133247,26.52066772,25.4585193,27.14296317,26.89999962,25.89999962,27.79999924,30.70000076,27.10000038,27.20000076,24.1,24.6
26.81900891,60,75,60,60,60,60,21,14.5,24,24.60000038,25.60000038,26.29999924,96.7,97,429.1927801,578.0271111,852.3714076,99.88687274,98.37292501,1.50685487,24.05416701,22.88156922,23.98248419,23.95585187,22.84651756,23.2431113,23.97174683,24.67199978,24.56795326,24.74479581,25.07384649,25.00320924,23.8311112,24.01941525,24.25918154,24.89751719,25.74744977,26.68967253,21.81234591,19.69160503,19.84333428,20.98000039,22.44952402,21.48392166,24.51450842,23.61799988,25.90013101,26.26065474,25.83742747,26.18666593,25.88496796,23.79674145,24.14511081,22.08859294,18.90000054,19.97052666,21.95629642,22.09481509,22.94877209,23.25654289,22.63451111,24.07733337,26.19843128,25.57333266,26.01022163,26.80311076,26.46555488,25.42123406,27.11086471,26.89999962,25.89999962,27.89999962,30.60000038,27.20000076,27.29999924,24,24.6
26.95999908,60,75,60,60,60,60,23.89999962,14.5,24,24.60000038,25.60000038,26.29999924,95.4,96.2,442.9007972,566.5244444,830.6111121,99.86261073,98.179592,1.53646489,23.97666694,22.81071913,23.95372666,23.96118444,22.84651783,23.21600043,23.89873027,24.59970369,24.50947451,24.68888896,25.00752204,25.0296297,23.877284,24.03345133,24.28000031,24.90143883,25.76418122,26.74143737,21.70024715,19.60864228,19.86222297,21.01805556,22.44158732,21.84758181,25.05908562,24.37311144,26.65725592,27.13464148,26.50783677,26.23267926,25.88104607,23.77985189,24.09800001,21.95170482,18.84688944,19.89824547,21.83111128,22.28088958,23.2486548,23.83259338,23.44052272,24.85844516,26.77908513,26.38405363,26.76177856,26.81822144,26.4048881,25.37678946,26.98641945,26.60000038,25.79999924,27.79999924,30.5,27.10000038,27.20000076,23.9,24.4
26.98500061,60,76,60,60,60,60,25,14.69999981,24,24.60000038,25.5,26.29999924,96.3,95.8,441.7661296,584.5635556,816.5619013,99.9579228,98.31578814,1.54462383,23.99194404,22.78745109,23.94457513,23.92503762,22.80177716,23.29244466,24.04190393,24.63673973,24.556724,24.72701794,25.06905956,25.05654304,23.92543177,24.06035156,24.29263252,24.96235264,25.89464071,26.8334637,21.43432037,19.51703702,19.92750015,21.06166611,22.39809638,21.82614427,24.99974022,24.15177734,26.39503309,26.74666708,26.43087708,26.24679665,25.91032827,23.76000063,24.05266615,22.14992531,18.94844435,19.95649086,21.90469051,22.40533411,23.19485442,23.7775313,23.38196168,24.65311089,26.62274577,25.99973815,26.70088867,26.8906661,26.43288968,25.40641879,27.04123565,26.5,25.60000038,27.79999924,30.39999962,27.29999924,27.20000076,24,24.5
27.17990047,60,75,60,60,60,60,23.20000076,14.60000038,24,24.70000076,25.60000038,26.29999924,99.4,99.1,448.6233451,591.3048889,861.0888992,99.77601343,98.76895977,1.524461495,24.12500008,22.96941269,24.07477182,24.08177698,22.90577763,23.26888916,24.01492067,24.6151105,24.59695974,24.79999929,25.09264928,25.09481465,24.01703747,24.08397724,24.35649164,25.06143823,25.9416997,26.84888892,21.85012343,19.78246912,20.04527791,21.18583247,22.71587282,21.9270598,25.06980499,24.27311144,26.50797478,26.86745159,26.49052506,26.27817064,25.94483667,23.77836977,24.13044427,22.26311153,19.01111145,20.07953209,22.01357957,22.54133265,23.2624556,23.81382755,23.45673198,24.90333327,26.72392163,26.10065423,26.73733236,26.95488756,26.52066664,25.43209877,27.21950684,26.70000076,25.89999962,27.79999924,30.60000038,27.10000038,27.20000076,24,24.5
27.04446288,60,75,60,60,60,60,25.20000076,14.80000019,24,24.70000076,25.60000038,26.29999924,98.7,97.7,454.373633,590.2346667,866.8714212,99.82438975,98.66450034,1.527314954,24.12333298,22.95869268,24.0538563,24.02488896,22.87437048,23.32444458,24.02349166,24.6343693,24.57192883,24.79579014,25.03897423,25.06296289,23.96715992,23.95812853,24.24584782,24.97987005,25.85699295,26.78065257,22.01037048,19.76098776,19.97777812,21.18194419,22.88063471,21.70039206,24.75555564,24.05911174,26.32365962,26.56601355,26.16070078,26.23294111,25.89359538,23.7511112,24.09755554,22.14014757,18.95244446,20.04654998,22.11703687,22.56622242,23.05052562,23.47925973,22.96575234,24.69555515,26.6988235,25.82169979,26.43622192,26.88933228,26.46177721,25.41999949,27.17209804,26.89999962,25.89999962,27.89999962,30.70000076,27.29999924,27.29999924,24,24.5
27.11000061,60,74,60,60,60,60,24.10000038,14.60000038,24,24.60000038,25.60000038,26.29999924,98.6,98.3,448.0857162,589.7728889,860.2428327,99.82892379,98.73139397,1.524170954,24.15111092,22.9741175,24.07137268,24.05362938,22.9253323,23.24311062,23.96126932,24.60562925,24.57426901,24.79695959,25.05059794,25.04691366,23.91432156,23.94900602,24.25403482,24.93594875,25.84758125,26.80235221,22.0585187,19.78543226,20.02277722,21.14611079,22.76253982,21.78039248,24.91032699,24.2331111,26.43451,26.72339904,26.26081843,26.26274478,25.91660236,23.75881547,24.09666585,22.17481463,18.97133382,20.08116898,22.02691326,22.49985216,23.18128569,23.66024682,23.20287623,24.78066549,26.68627435,25.97934538,26.56111084,26.89266561,26.46755493,25.41456872,27.16765468,26.79999924,25.89999962,27.79999924,30.60000038,27.20000076,27.20000076,24,24.5
27.31000042,60,76,60,60,60,60,18.60000038,14.30000019,24,24.60000038,25.60000038,26.29999924,98.5,98.8,474.2862447,576.9813333,866.8634925,99.88989528,98.53740453,1.550360384,24.13166665,22.94640507,24.08444417,24.00118453,22.79644387,23.3297781,23.95841258,24.68473995,24.53824591,24.74760193,25.04136723,25.00765441,23.74864155,24.02058498,24.27461937,24.89097988,25.80418278,26.77071781,21.99753079,19.74518546,19.92250036,21.04666706,22.5507951,21.73934685,24.89071986,24.10066664,26.32287661,26.66248388,26.19906498,26.21359289,25.86562069,23.77837077,24.07955512,22.10340775,18.90177789,19.99719274,21.96246948,22.34429651,23.14362515,23.636297,23.17699389,24.62866767,26.53673199,25.99084999,26.49,26.80066718,26.43066406,25.34567841,27.10790262,26.60000038,25.79999924,27.79999924,30.5,27.39999962,27.20000076,23.9,24.4
27.27000046,60,72,60,60,60,60,24.60000038,14.69999981,23.89999962,24.5,25.5,26.29999924,96.6,96.3,459.0687631,585.3217778,832.8843708,100,98.57190709,1.554661352,24.10416658,22.98980338,24.09594822,24.05659297,22.9102219,23.23333442,23.85650712,24.58666676,24.46923892,24.74315899,24.98974411,25.04321003,23.8604942,24.00467922,24.26596508,24.90692833,25.81228698,26.77830037,21.80197483,19.7758022,20.09111014,21.22388865,22.76920573,21.70875835,24.79947661,24.30066623,26.55398715,26.8439209,26.34923731,26.17960835,25.83712453,23.74074183,24.05399977,21.9620742,18.82466675,20.13614066,22.21654279,22.40177752,23.22198765,23.66271649,23.20156976,25.05955648,26.91660124,26.26379091,26.67155504,26.78133219,26.38555474,25.27629485,26.9960505,26.5,25.70000076,27.70000076,30.39999962,27.20000076,27.20000076,24,24.6
27.45457563,60,75,60,60,60,60,25.29999924,14.89999962,24,24.60000038,25.5,26.29999924,97.4,97.9,459.7333349,587.4182222,830.166687,99.94683882,99.23083918,1.557197341,24.24694426,23.2007842,24.28104511,24.2373329,23.34340694,23.71999946,24.29428624,24.9475557,24.91789529,25.29263131,25.56376098,25.45901316,24.35234571,24.36701746,24.57310056,25.09098012,25.72496569,26.54091478,22.04000003,20.12296301,20.70944451,21.46194416,22.87079264,21.98536034,24.63163352,24.40866631,26.60522972,26.83085012,26.26409277,26.2865362,26.04967225,24.26844401,24.55355584,21.952889,19.2462224,20.66573144,22.31555537,22.39407389,23.0418719,23.36987697,23.25254967,25.06755602,26.99294067,26.18379098,26.49955566,26.8715549,26.48444417,25.43012349,27.05209795,26.60000038,25.79999924,27.79999924,30.5,27.39999962,27.20000076,24,24.5
27.71999931,60,71,60,60,60,60,23.39999962,14.89999962,25.20000076,26,25.60000038,26.29999924,99.6,100.8,473.1672059,597.4128889,858.2000122,99.78936797,98.89811068,1.554765824,24.22138875,23.10928069,24.2959479,24.35614837,23.30873969,23.44800103,24.1400006,24.81837068,24.89754339,25.3029244,25.60444451,25.45629679,24.16271521,24.15532205,24.29122871,24.65359445,25.16052318,26.05620931,22.07185224,19.89481488,20.0994445,21.23666679,22.88761858,21.76313772,24.82509901,24.37400004,26.58483695,26.85699359,26.34526339,26.33464084,26.14823517,24.36622296,24.63688958,22.09599881,19.02533359,20.15695922,22.24271655,22.53422246,23.19742724,23.62394997,23.18588141,24.88399984,26.99529399,26.28993454,26.62688924,26.93777683,26.5811122,25.59777922,27.20641939,26.5,26,27.89999962,30.5,27.5,27.39999962,24,24.5
28.09000015,60,72,60,60,60,60,24.20000076,14.69999981,20,24.70000076,25.60000038,21.29999924,97.1,96.8,472.7436624,598.7893333,864.7870917,99.93182393,98.82262522,1.549947044,24.11027807,22.85490172,24.00862806,23.71259196,21.78014802,21.65377875,22.78634847,23.61540862,23.82666722,24.29730996,24.51760838,24.2254326,22.43555569,22.51766043,22.50292305,22.79372487,23.32470623,24.50509751,21.95481507,19.89950592,20.14666519,21.20444438,22.88349241,21.71111271,24.84601301,24.35533251,26.64758189,26.90457421,26.31462103,26.20758192,25.85411768,23.5777776,23.91955634,21.8879994,18.9466668,20.18292372,22.22074088,22.56355577,23.24444594,23.69506135,23.10013212,24.85799981,27.03817003,26.37882407,26.69511108,26.87088786,26.44711155,25.40271508,27.02864252,26.5,25.89999962,27.70000076,30.39999962,27.5,27.20000076,23.9,24.4
28.16983478,60,72,60,60,60,60,25,14.80000019,19.79999924,24.60000038,25.60000038,20.89999962,97.6,97.1,469.2815073,599.9942222,837.5870913,99.85285945,98.60937275,1.563804688,24.0844446,22.83398685,23.98745101,23.74903736,22.10874014,22.34977824,23.3180947,24.07940674,24.10643225,24.43204695,24.74666685,24.48320998,22.9518517,23.22456147,23.29707624,23.74352916,24.50928046,25.50326861,21.76938251,19.73407427,20.01416668,21.21777751,22.93682551,21.53202702,24.54718991,23.88422289,26.22797421,26.40836604,25.79181258,26.20653563,25.89045809,23.67496229,24.04111165,21.91081398,18.90311103,20.10713483,22.14740774,22.57570385,23.02690137,23.44197704,22.83712573,24.43977905,26.78143765,25.88130808,26.10355482,26.86777669,26.48444404,25.35382773,27.14419774,26.5,25.89999962,27.70000076,30.39999962,27.5,27.10000038,24,24.5
28.25011686,60,68,60,60,60,60,24.70000076,14.69999981,24,24.70000076,25.70000076,25.89999962,99.1,99.5,378.4566096,608.2893333,883.9428449,99.67724843,98.8075332,1.431149109,24.09722239,22.85830022,24.04261435,23.88059218,22.26044497,22.14044583,23.05841249,23.94133382,24.07625832,24.54830429,24.7852995,24.63308595,23.0829629,23.12701702,23.112748,23.48365901,24.14405262,25.21647151,21.95802371,19.79382686,20.04805586,21.1097218,22.87777778,21.64444516,24.69803906,24.1120006,26.41228777,26.61594861,26.01403537,26.29071899,25.96888867,23.77066596,24.19044508,22.14814788,19.03755568,20.18830388,22.11827076,22.39822193,23.04935767,23.46271588,22.86196106,24.54777785,26.80052307,26.05647052,26.2560003,26.98266642,26.59777737,25.49555604,27.31629654,26.79999924,26,27.89999962,30.60000038,27.70000076,27.29999924,24.1,24.6
28.17000008,60,75,60,60,60,60,22.89999962,14.5,20,24.70000076,25.70000076,21,98.9,99,479.7944472,620.1173333,871.9555325,99.65280869,98.5406471,1.55337944,24.09388877,22.81307174,23.96705921,23.77955539,22.05688883,21.52266778,22.45460331,23.40266701,23.79438512,24.46596523,24.72410325,24.37209819,22.51530912,22.66222266,22.48467796,22.77281015,23.39999976,24.55058785,22.00271606,19.6844447,19.89472241,20.93972193,22.58158744,21.48705991,24.22143914,23.19911112,25.6324186,25.74143769,25.14269006,26.22326756,25.91241782,23.66459165,24.10933363,22.35644432,18.99066705,20.18175441,22.12518574,22.11496247,22.77988395,22.8446922,22.10797311,23.50088799,26.16888867,25.02431465,25.24777805,26.88755358,26.57199924,25.53086495,27.34024749,26.89999962,26,27.79999924,30.70000076,27.70000076,27.20000076,24,24.5
28.48484106,60,73,60,60,60,60,19.79999924,14.30000019,19.89999962,24.70000076,25.60000038,20.89999962,98.8,99,476.7455035,610.936,899.0548489,99.62635366,98.86943851,1.533499328,24.14333352,22.82457459,23.97987037,23.78429633,21.96207366,21.36355455,22.39301506,23.4145185,23.73543908,24.47204611,24.61811941,24.22518567,22.33876607,22.6322806,22.40046708,22.77620913,23.35346377,24.47790854,22.03432142,19.81827167,20.11777802,21.18666611,22.67460337,21.56549104,24.36941293,23.54266602,25.86954322,26.08052324,25.50526302,26.20000112,25.8711113,23.6349632,24.11333442,22.37896376,19.07377808,20.43462028,22.43284008,22.21185239,23.01099411,23.01703755,22.40339858,24.15155538,26.58013014,25.52836643,25.68977783,26.82933255,26.53955512,25.48691316,27.36617341,26.60000038,26,27.79999924,30.60000038,27.5,27.29999924,24,24.5
28.58998351,60,75,60,60,60,60,22.29999924,14.5,19.79999924,24.5,25.60000038,20.79999924,96.7,97.2,468.9714313,593.2911111,869.5015753,99.87981841,98.77629206,1.542620722,24.07722244,22.76026109,23.96183053,23.69629584,21.84444372,21.34044379,22.31491912,23.19051848,23.54713499,24.24233912,24.38495843,24.06617304,22.18641968,22.41169633,22.26456156,22.54849758,23.17856278,24.37071948,22.1555554,19.89209889,20.1622217,21.24833399,22.75904803,21.7526806,24.69464008,24.26444417,26.37228812,26.68993534,26.04070167,26.14875584,25.71843198,23.48622233,23.94800049,22.23111138,18.90866733,20.25076019,22.43358071,22.2906665,23.18292429,23.39234589,22.80313609,24.64999993,26.78797376,26.20810611,26.24822211,26.67044515,26.39755466,25.34246917,27.11777796,26.29999924,26.10000038,27.70000076,30.5,27.20000076,27.20000076,24,24.5
28.77510777,60,75,60,60,60,60,24.79999924,14.80000019,19.70000076,24.5,25.39999962,20.70000076,95.1,96.2,465.4126918,585.608,848.1460097,99.99067711,98.56958873,1.55214555,23.92611118,22.71215717,23.84339943,23.62725848,21.69096327,21.59866659,22.6742856,23.46755507,23.68257386,24.14760271,24.30700924,23.92691387,22.20493797,22.56959057,22.48748558,22.7861439,23.52731958,24.61568707,22.00024618,19.78197496,20.00083398,21.17111062,22.68063442,21.71424752,24.77777682,24.36088908,26.59111216,26.83999981,26.16935678,26.10692609,25.67686185,23.45659379,23.87733297,22.13007378,18.81622199,20.10035036,22.32370297,22.34044397,23.27882987,23.52148174,22.94535893,24.86466654,26.91738584,26.43817051,26.45711182,26.65022163,26.33711046,25.27555565,27.00913644,26.39999962,26,27.70000076,30.20000076,27.20000076,27.10000038,23.9,24.4
28.84976705,60,75,60,60,60,60,24.89999962,14.80000019,23.60000038,24.5,25.5,25.20000076,93.3,94.9,461.6666661,581.0511111,813.9952276,99.88484217,98.60604697,1.570677272,23.95083381,22.83921585,23.99032764,23.92533294,22.47674072,23.02488946,23.7501584,24.43200024,24.29029334,24.49590686,24.76068387,24.80444404,23.57036999,23.68491225,23.98619884,24.54640515,25.41960736,26.37856302,21.7395064,19.78370339,20.06777734,21.16638836,22.74761847,21.6447055,24.75241755,24.27600003,26.55137245,26.84392186,26.2771937,26.19869281,25.84078393,23.65600052,23.99555481,21.98725893,18.85022264,20.08678314,22.16493786,22.33629648,23.11064282,23.60962969,23.03843069,24.91577738,27.00026153,26.40888927,26.62511,26.84599921,26.41088759,25.27728332,27.11259314,26.5,25.89999962,27.70000076,30.29999924,27.5,27.10000038,24,24.5
28.81000042,60,75,60,60,60,60,25,14.89999962,23.89999962,24.5,25.60000038,25.89999962,96.4,97.1,466.8547525,580.0537778,843.2301587,99.62491534,98.63960722,1.557060412,23.90194473,22.80810451,23.95633984,23.91614791,22.63911079,23.19777886,23.86285633,24.53066641,24.36257331,24.56280732,24.85675257,24.95703539,23.75925941,23.83251511,24.15064283,24.78013078,25.64235313,26.5856206,21.7691355,19.8325924,20.02694465,21.17500025,22.685397,21.72888894,24.89516243,24.52266703,26.76156971,27.12339857,26.50760191,26.21411723,25.87189463,23.70577799,24.02688897,21.80207312,18.83422268,20.01520425,22.1501232,22.36385191,23.19391726,23.71506137,23.24026118,25.0948879,27.11529533,26.68418352,26.88444431,26.83866496,26.42733249,25.30320894,27.12888907,26.5,25.79999924,27.79999924,30.39999962,27.60000038,27.20000076,24,24.5
28.68000031,60,75,60,60,60,60,25.10000038,14.89999962,23.89999962,24.60000038,25.60000038,26,97.7,97.3,476.2999954,582.3306667,846.7000122,99.81355628,98.63114121,1.565961976,23.96388957,22.85385638,23.99738514,23.94459274,22.74222195,23.25555623,23.89936407,24.58488851,24.456608,24.71508868,24.97880317,25.0676537,23.81135804,23.90830392,24.26666702,24.86353082,25.70954159,26.67346319,21.72271585,19.8140738,20.00444539,21.10610996,22.66920612,21.66222227,24.70719002,24.23222154,26.51294153,26.77071924,26.20561438,26.21411755,25.89385532,23.75436976,24.09488912,21.90044452,18.84444458,20.04678327,22.17827194,22.38785156,23.05239736,23.51629699,22.97124071,24.78977776,26.87241817,26.27189558,26.56577813,26.88266534,26.43755547,25.35283881,27.18271484,26.5,25.79999924,27.79999924,30.39999962,27.60000038,27.20000076,24,24.6
28.88500023,60,75,60,60,60,60,21.79999924,14.39999962,23.89999962,24.60000038,25.60000038,26.10000038,97.6,97.4,467.7095227,567.8884444,847.0476094,99.90882155,98.26643645,1.555505579,23.83999973,22.77908513,23.89986963,23.92237088,22.77837122,23.1084451,23.75206318,24.43466598,24.33029186,24.60421093,24.81743623,24.95012335,23.72296316,23.90362542,24.21824501,24.85908538,25.72156847,26.68549055,21.6135807,19.69086439,19.96138933,21.06916673,22.50888866,21.67947695,24.83921497,24.44800035,26.64444572,27.01725564,26.38105355,26.14954124,25.84914982,23.68325828,23.96755514,21.77451841,18.72066725,19.92818675,21.93160491,22.24651819,23.11204656,23.64543193,23.20470649,24.96177877,26.96862729,26.41804024,26.72600003,26.77488892,26.3786655,25.27506119,27.07209925,26.39999962,25.79999924,27.79999924,30.39999962,27.5,27.20000076,24,24.5
28.77000046,60,73,60,60,60,60,25,14.69999981,23.89999962,24.5,25.39999962,26.10000038,95.9,95.4,466.8333319,567.9164444,830.5841171,99.87648226,97.91642817,1.565497993,23.7761105,22.70771221,23.8504574,23.83170329,22.6322961,23.10844577,23.76507927,24.45807274,24.33169588,24.54596511,24.76307696,24.85777844,23.74987635,23.84023416,24.13450178,24.78588197,25.67843137,26.6583003,21.43506214,19.54222239,19.89833366,21.12222256,22.52285679,21.51032755,24.83895423,24.34399963,26.70065407,27.0504578,26.38924011,26.14640331,25.82039181,23.65511077,23.94222182,21.6897781,18.6466664,19.87087716,21.8723461,22.18459192,23.0923973,23.69802472,23.16130762,24.9531113,27.01281084,26.46065395,26.80288845,26.72844442,26.35911065,25.20246823,27.05777874,26.70000076,25.70000076,27.79999924,30.20000076,27.5,27.20000076,24,24.5
27.07996665,60,75,60,60,60,60,23.29999924,14.5,23.89999962,24.5,25.5,26.20000076,95,95.5,457.3613026,570.2266667,830.9935263,99.77190958,97.59739737,1.553756079,23.73749966,22.68967341,23.81490223,23.82192591,22.73214844,22.99822279,23.67206343,24.37688838,24.30900608,24.57684283,24.76068387,24.84913654,23.75012418,23.85660829,24.16304018,24.82431306,25.66065315,26.66405229,21.6293827,19.58222174,19.82666677,21.00527852,22.49619179,21.50379136,24.87398666,24.50488919,26.80026185,27.1683656,26.50783691,26.13856113,25.80287511,23.63851879,23.91200046,21.65659297,18.50533318,19.73122773,21.79555611,22.19881529,23.16538036,23.69703701,23.24549154,25.0408903,27.05516302,26.6447071,26.95133409,26.65822184,26.32244412,25.17209834,26.99209904,26.60000038,25.70000076,27.70000076,30.20000076,27.39999962,27.10000038,24,24.4
26.95999908,60,76,60,60,60,60,25,14.60000038,24,24.5,25.39999962,26.20000076,96.3,95.9,497.3650675,568.6355556,826.6095213,99.44506182,98.64804796,1.605080251,23.79972127,22.81464054,23.7819612,23.70133301,22.70162932,23.05200033,23.6711109,24.40296197,24.33169581,24.60795392,24.78632489,24.8725925,23.73851974,23.8879538,24.16023435,24.84209144,25.69385627,26.66692756,21.62098826,19.68864196,20.55138957,21.31194483,22.51142956,21.95084947,24.85045764,24.67044468,26.90379024,27.34039187,26.72935598,26.17228701,25.81307126,23.60088903,23.93044373,21.69037055,18.98644504,20.35672507,21.91753111,22.11229492,23.04888945,23.60469066,23.57438047,25.31977831,27.08601409,26.61568691,27.09644504,26.76955621,26.33244371,25.15876495,27.02098841,26.29999924,25.70000076,27.70000076,30.20000076,27.5,27.20000076,24,24.5
27.15497477,60,77,60,60,60,60,25.10000038,14.80000019,23.89999962,24.60000038,25.39999962,26.20000076,95.6,96.5,447.7666697,572.3644444,844.7587426,99.53396213,97.62081432,1.533367258,23.72583237,22.64418331,23.79294146,23.79585169,22.63081552,23.1711107,23.86761775,24.5117032,24.35766073,24.52444533,24.82803433,24.89555528,23.72790113,23.85193021,24.17239719,24.81463998,25.6928111,26.67320277,21.55481515,19.53506183,19.82750015,21.04944466,22.52349359,21.67241785,24.99294138,24.57644538,26.91137249,27.27686169,26.58151984,26.19477156,25.82875801,23.64385209,23.95333177,21.61718551,18.56688877,19.73894728,21.851605,22.425186,23.29801218,23.80617367,23.33647198,25.14111226,27.13516311,26.69202761,27.02222263,26.74755493,26.35533298,25.17703646,27.02246968,26.5,25.70000076,27.79999924,30.29999924,27.60000038,27.20000076,24,24.5
27.15999985,60,75,60,60,60,60,25.10000038,14.69999981,23.89999962,24.5,25.39999962,26.20000076,96.4,96.4,448.1571318,571.356,826.5706259,99.54372438,97.64881939,1.554704387,23.70694419,22.72366002,23.80993501,23.80651828,22.60651919,23.16355659,23.8571416,24.50844428,24.33941515,24.5520475,24.85572635,24.9049385,23.70098802,23.87859715,24.18760144,24.79424738,25.67006565,26.67450885,21.50370408,19.55999952,19.83166775,21.01611133,22.59015813,21.62039165,24.94640555,24.61844489,26.9252293,27.26457472,26.58666621,26.20522764,25.82954213,23.62755579,23.95377719,21.72948161,18.54066705,19.76350869,21.91234591,22.38962918,23.26362569,23.7328394,23.25176571,25.20066745,27.1312417,26.67555626,27.05133369,26.75955471,26.34511041,25.19234574,26.98864294,26.39999962,25.60000038,27.70000076,30.20000076,27.60000038,27.10000038,24,24.5
26.59490845,60,75,60,60,60,60,25.10000038,14.69999981,23.89999962,24.5,25.5,26.20000076,97,96.4,457.1323064,564.6168889,822.4096562,99.63078509,97.64761447,1.559237821,23.70583208,22.65594857,23.81490279,23.85066632,22.71703749,23.1097777,23.75428457,24.42340721,24.34923995,24.56491271,24.84957255,24.86938439,23.68716077,23.98877217,24.2173095,24.84914998,25.74954268,26.72261444,21.49999962,19.5311109,19.84472215,21.0227779,22.54571417,21.6771241,25.01960728,24.61511061,26.85934644,27.27581699,26.57099438,26.15346361,25.80627394,23.62311162,23.93244412,21.71703794,18.57777717,19.74105196,21.90271576,22.39822257,23.26245553,23.81012362,23.3252301,25.13777785,27.08601361,26.60287639,26.97733344,26.70933309,26.31577759,25.15580211,26.97086468,26.5,25.60000038,27.70000076,30.20000076,27.5,27.20000076,24,24.5
26.50024958,60,75,60,60,60,60,25,14.60000038,23.89999962,24.5,25.39999962,26.20000076,96.1,95.8,457.0426444,566.7866667,824.4507814,99.24779465,99.66377011,1.557854809,23.96250127,23.15660201,23.89359474,23.67762903,22.8601482,22.89688938,23.45968221,24.35170383,24.3992987,24.85918076,24.88581167,25.04197561,23.91925991,23.92023412,24.24958982,24.87529544,25.69385675,26.69542468,22.07333351,19.86938326,21.85749936,21.71222178,22.52349204,22.65777795,24.60261406,24.90577738,27.0222227,27.47189606,26.87555638,26.19084919,25.78535938,23.60948134,23.97288893,22.04088813,19.80111145,21.63859721,22.16666644,21.86311117,22.81239742,23.28419807,23.967581,25.69355577,27.13882251,26.60601352,27.10421997,26.76622192,26.27866699,25.13950662,26.83061629,26.39999962,25.60000038,27.70000076,30.20000076,27.5,27.20000076,24,24.5
26.34500027,60,60,60,60,60,60,25.10000038,15.60000038,23.89999962,24.39999962,25.29999924,26.20000076,96.9,97.6,441.7136337,566.8964444,826.2907583,99.04236394,100,1.538005839,24.09361233,23.3218316,23.96993488,23.63940701,22.86755579,22.81822116,23.37936508,24.34844374,24.41216377,24.93684196,24.89880256,25.07086491,23.99284095,23.93731068,24.20654847,24.89987179,25.68052332,26.64313773,22.37629606,20.09555536,22.52027724,22.0158326,22.5711109,22.93751644,24.55451014,25.01466648,27.07738651,27.53385688,26.9693565,26.19058686,25.79686271,23.61007378,23.91755608,22.0610366,20.03866659,22.04795286,22.25925971,21.6082959,22.69824504,23.08321036,24.15320159,25.83911146,27.18901878,26.60052275,27.13822116,26.75177748,26.25000081,25.11629684,26.90296224,26.29999924,25.79999924,27.70000076,30.10000038,27.5,27.10000038,24,24.5
26.35000038,60,60,60,60,60,60,25.10000038,15.60000038,23.89999962,24.39999962,25.29999924,26.20000076,97.5,97.7,441.4679399,563.0151111,831.8796759,99.09362611,100,1.534052204,24.10888977,23.35686354,23.97986901,23.64088804,22.87940701,22.80888835,23.38920608,24.36622242,24.41076025,24.98409331,24.94461524,25.06740821,24.01308549,23.95859675,24.16421063,24.89490297,25.67529472,26.60366083,22.45827215,20.19950675,22.55777732,21.96166619,22.51936452,23.0237915,24.56601267,24.95599942,27.06849613,27.55084971,26.98760222,26.20548902,25.79712361,23.60562943,23.8982232,22.0145185,20.12244425,22.15391846,22.18148126,21.62192491,22.73309876,23.11333377,24.1108491,25.8128894,27.11712351,26.56078447,27.15177707,26.74177802,26.21622247,25.04395044,26.90888762,26.20000076,25.79999924,27.70000076,30.10000038,27.5,27.10000038,24,24.5
25.51575537,60,60,60,60,60,60,25,15.5,23.89999962,24.39999962,25.29999924,26.20000076,97.1,97.4,434.7158767,569.2324444,826.1079121,99.30017131,99.39251785,1.529762902,23.96194475,23.04758253,23.9270594,23.74014775,22.79200033,22.97866767,23.61904839,24.4331845,24.40959109,24.75532205,24.91589773,25.02493753,23.97506269,23.95999999,24.20116888,24.8996081,25.73594771,26.69490129,22.06938273,20.02345664,21.25138847,21.52694516,22.53333304,22.48313682,24.79843207,24.6622227,26.93045774,27.43085092,26.8018706,26.16836544,25.76339774,23.585185,23.89111145,21.94844519,19.40466749,20.92140314,21.9891365,22.01629675,22.9915785,23.48197572,23.73934669,25.45133335,27.11320386,26.58875868,27.14177734,26.71888862,26.24622247,25.12518537,26.94197501,26.10000038,25.89999962,27.70000076,30,27.5,27.10000038,24,24.5
26.94492472,60,78,60,60,60,60,25,14.80000019,24,24.39999962,25.39999962,26.20000076,94.7,95.8,447.5822641,569.1377778,823.733871,99.88644187,97.81930007,1.546931255,23.77777786,22.72078403,23.81176503,23.84948107,22.73866672,23.11866767,23.76317546,24.44740741,24.37964867,24.56397734,24.84410254,24.97160479,23.7925932,24.00444443,24.26151994,24.90405257,25.78326663,26.75477016,21.56296379,19.61506197,19.89861204,21.05500047,22.36158631,21.70274451,24.93071752,24.22577793,26.5707194,27.09202713,26.45918054,26.15503281,25.80104518,23.60740768,23.90688856,21.65155653,18.57333381,19.77590625,21.8723455,22.31644495,23.11485367,23.68469193,23.27006597,24.83911221,26.8718959,26.36130722,26.92577786,26.74799981,26.33777629,25.16666621,27.01925983,26.60000038,25.79999924,27.70000076,30.10000038,27.60000038,27.20000076,24,24.5
26.28499985,60,75,60,60,60,60,24.79999924,14.60000038,24,24.5,25.39999962,26.29999924,96.2,97.1,417.3111153,599.3964444,799.4222344,99.90350233,98.08242836,1.525619938,23.87777778,22.79973895,23.89987003,23.86992495,22.65688929,22.82755642,23.54857294,24.29274061,24.30923922,24.63953194,24.91487098,24.9241975,23.61234575,23.77122853,23.94666641,24.48862783,25.28784323,26.27320453,21.57827156,19.65308552,19.84555469,20.91611082,22.34603291,21.53673255,24.7142488,23.91599962,26.05516302,26.48862672,26.3101751,26.22823558,25.89804017,23.64770327,24.10377808,21.88503599,18.73933322,19.88280636,21.80790044,22.11792553,22.96865463,23.54666545,23.08784411,24.33577766,26.55843115,25.73647014,26.72755575,26.86466458,26.43755642,25.38617275,27.09456772,26.5,25.70000076,27.79999924,30.10000038,27.5,27.20000076,24,24.5
26.13999939,60,76,60,60,60,60,19.10000038,14.19999981,20.5,24.60000038,25.5,21.89999962,99.3,100.4,459.0032142,627.8284444,902.3290346,99.65910781,98.58158973,1.511790268,24.07083308,22.76078423,23.93333214,23.75348217,22.21659243,21.67688843,22.56476189,23.44800076,23.81871345,24.46807019,24.72718026,24.47555602,22.71753103,22.88631627,22.77473737,23.08679702,23.67973832,24.7913725,21.9380249,19.79456885,19.89583342,20.90055466,22.48793693,21.68339852,24.50614293,23.47799913,25.59058782,26.06980475,25.765147,26.2786937,25.95137293,23.64414858,24.2471108,22.0808894,18.91955566,20.01918146,21.88691331,22.15614782,22.81146183,23.19703799,22.7443136,23.87200026,26.27764693,25.39947582,26.15844442,26.94799845,26.53777724,25.60148037,27.33407435,26.89999962,25.79999924,28,30.20000076,27.5,27.39999962,24,24.4
24.12630253,60,77,60,60,60,60,24.60000038,14.60000038,20,24.60000038,25.5,21.29999924,98.3,100,447.6802583,634.6071111,892.6903411,99.58629451,98.8195592,1.504856618,24.15500014,22.81228713,23.99660094,23.75851861,21.93659216,21.53911065,22.55523749,23.50607449,23.76982329,24.38315808,24.64239356,24.34987733,22.53160506,22.67157825,22.56163716,22.87241817,23.46771328,24.56888946,22.1032097,19.93111105,19.97694507,20.97416594,22.466032,21.82170003,24.70013085,23.71177728,25.75346432,26.27843137,25.91882995,26.31660284,25.97463969,23.636148,24.28933302,22.10637044,18.9351119,20.07017537,22.02790158,22.22992513,23.00280648,23.42098781,22.95843155,24.11177755,26.42640485,25.5741179,26.30044515,26.99844306,26.57666694,25.63333243,27.40543138,26.79999924,25.89999962,28,30.20000076,27.70000076,27.39999962,24,24.5
23.83500004,60,74,60,60,60,60,23.89999962,14.80000019,20,24.60000038,25.60000038,21.10000038,100,101.4,432.5896792,645.6506667,928.1444344,99.41660612,98.53157687,1.469087554,24.20499954,22.83738503,24.02274481,23.75940692,21.99436957,21.51244412,22.50190439,23.42222213,23.76842127,24.38268993,24.66564232,24.4585193,22.57283988,22.64888895,22.62339196,22.88601377,23.4237911,24.53333285,21.83901232,19.71555613,19.86472236,20.91972215,22.41841247,21.44732195,24.15633832,22.72577732,24.60627553,24.8627447,25.19111157,26.3484975,26.01934663,23.65096228,24.35199944,22.18785283,18.98066684,20.13918193,22.1570366,21.98962927,22.60771863,22.84370351,22.27320253,23.02933309,25.58353024,24.17908592,25.41111084,27.06999742,26.62200019,25.67827073,27.50172858,27,26.20000076,28,30.29999924,27.89999962,27.5,24,24.5
23.68000031,60,76,60,60,60,60,18.60000038,14.10000038,20,24.60000038,25.5,21.10000038,99.7,100.2,445.3428606,642.5786667,869.7428763,99.49685102,98.46890886,1.515242523,24.22749998,22.85516341,24.0086267,23.72355613,21.97659297,21.51199992,22.53618968,23.50429633,23.83602323,24.40514608,24.64786387,24.44197606,22.62962955,22.68257321,22.59906484,22.85019563,23.39294122,24.54901929,21.94938317,19.70197513,19.8555553,20.95666614,22.39587393,21.5749029,24.21699235,22.83644355,24.66797402,25.00836589,25.00280676,26.24601365,25.94222165,23.63881474,24.30955566,22.25066668,18.94200026,20.07134539,22.14740699,22.02044452,22.68795245,22.77160622,22.12470607,23.03155538,25.57281063,24.40993389,25.25200033,26.99733127,26.58777778,25.71283969,27.493086,26.70000076,26.29999924,27.89999962,30.20000076,27.5,27.39999962,24,24.5
23.65999985,60,73,60,60,60,60,18.70000076,14.30000019,20,24.60000038,25.5,21.10000038,101.2,101.2,437.6888847,638.3715556,887.6444567,99.48979669,98.44252362,1.49638239,24.19499978,22.83895383,23.98352881,23.68148148,21.78696316,21.4808884,22.54793614,23.52088876,23.79649123,24.35953198,24.56752085,24.37506277,22.53604955,22.67134539,22.55859589,22.81960728,23.36679735,24.51320186,21.97802471,19.70172895,19.84527732,20.93916609,22.34666748,21.43660115,24.09019672,22.63711073,24.52548956,24.87320166,24.83812848,26.19424801,25.94509788,23.63792598,24.27444417,22.12681505,18.92666687,20.04725092,22.05925941,21.9054815,22.5723974,22.59975262,21.9709807,22.83977675,25.37934634,24.25516357,25.09755493,26.97955458,26.56466661,25.70271554,27.49999925,26.79999924,26.29999924,28,30.20000076,27.5,27.5,24,24.5
23.38000011,60,74,60,60,60,60,20.29999924,14.19999981,19.89999962,24.5,25.5,21,99.9,99.9,425.6366175,626.9813333,895.2587242,99.60745721,98.51381951,1.478575804,24.01916656,22.70849633,23.85960821,23.64325937,21.74992612,21.35377686,22.41079286,23.31288936,23.54713413,24.09309953,24.28239308,24.28716046,22.59012391,22.32093499,22.44795222,22.75058753,23.30640462,24.43764593,21.86024682,19.79432094,19.94055498,20.96666573,22.48857228,21.7040521,24.60888831,23.54977844,25.53385632,26.00052195,25.78830352,26.22640437,25.90875763,23.51881438,24.06866625,22.10370334,18.8086672,20.01894753,22.03901186,22.15614809,23.00187153,23.28172894,22.778301,24.01955532,26.22823582,25.30169893,26.02955566,26.9055542,26.48133233,25.56617356,27.38469193,26.60000038,26.29999924,27.89999962,30.10000038,27.39999962,27.39999962,24,24.5
23.05999947,60,77,60,60,60,60,21.89999962,14.5,19.89999962,24.5,25.39999962,20.89999962,99.9,99.4,413.6222245,600.9591111,853.8349077,99.71025416,97.89704527,1.487927481,23.93833398,22.64313702,23.7545095,23.49007451,21.29511104,21.31111003,22.51301521,23.36859257,23.52818675,23.88421053,24.11452887,24.14740668,22.46049353,22.24397715,22.2624566,22.5236601,23.15032696,24.23843045,21.75703735,19.59481488,19.78694483,20.85166601,22.37111109,21.54849622,24.57228733,23.68933261,25.73620933,26.28810445,25.94853758,26.25385519,25.92392131,23.5099264,23.94577718,21.95999991,18.70822177,19.84912288,21.98345676,22.18281548,22.87064345,23.28000014,22.76653622,24.0966668,26.35346448,25.47843249,26.15155518,26.89000081,26.45599894,25.39086311,27.28395092,26.79999924,26.10000038,27.89999962,30.20000076,27.70000076,27.29999924,24,24.5
21.83988368,60,74,60,60,60,60,20.89999962,14.30000019,19.70000076,24.39999962,25.29999924,20.79999924,93.9,94.2,400.5626857,598.8666667,828.4301632,99.88888957,97.75314199,1.486922089,23.78944439,22.45437857,23.57176458,23.40770309,21.32325946,21.37466661,22.49587267,23.32681442,23.4313448,23.7588304,24.04478645,24.07802516,22.3928399,22.15134484,22.17824586,22.44261451,23.11372549,24.20366059,21.53975348,19.52493859,19.83055615,21.03694356,22.38825422,21.60182914,24.68183027,23.97422207,26.20862838,26.68287633,26.1632744,26.10614261,25.75686338,23.35407398,23.73311049,21.62014775,18.6264443,19.81614012,21.99357948,22.24740795,23.06970765,23.41012445,22.92705764,24.53977804,26.63372635,25.96444499,26.40555583,26.74311144,26.32555474,25.27086332,27.10888823,26.20000076,26.29999924,27.70000076,30,27.39999962,27.20000076,23.9,24.4
22.07999992,60,77,60,60,60,60,24.70000076,14.69999981,19.89999962,24.5,25.29999924,20.89999962,97.7,97.7,385.0670641,609.332,857.4857149,99.92643072,97.95407718,1.452428249,23.76111086,22.48130665,23.65071862,23.55555492,21.81274052,21.40844442,22.38761936,23.32118408,23.6063151,24.06409248,24.28752128,24.15777791,22.2461734,22.42900576,22.3106431,22.60732087,23.25254912,24.33045726,21.78074047,19.62296323,19.88472265,20.98777729,22.53142971,21.62745098,24.65176348,24.17133301,26.31215581,26.85856279,26.3001165,26.19503294,25.80758081,23.38311144,23.83266649,21.70992594,18.5899998,19.89730996,22.15777761,22.30133247,23.07695891,23.38370422,22.98640607,24.77088888,26.75843227,25.98196104,26.54333374,26.85133274,26.33999919,25.25061713,27.07209789,26.60000038,26.39999962,27.89999962,30,27.5,27.5,24,24.6
21.87519135,60,77,60,60,60,60,24.70000076,14.5,19.79999924,24.39999962,25.20000076,20.89999962,97,97.6,389.3812393,597.0653333,840.8968639,99.54355098,100,1.46639007,23.83722153,22.71267944,23.50013021,23.15792589,21.76029713,21.22044474,22.21936578,23.38459201,23.83391727,24.40982416,24.39281987,24.12740697,22.30888875,22.41052624,22.25801181,22.60862774,23.24209088,24.2935949,22.332346,20.70765381,21.56222254,22.24972246,23.34412687,22.94535973,25.05464059,25.14955566,26.88888761,27.32339888,26.66175459,26.10326909,25.67869434,23.29392542,23.85533352,22.35377767,20.37022217,21.5964918,23.01135781,23.00444426,23.86292353,24.10419764,24.25803917,25.68577759,27.12392115,26.43895383,26.79933268,26.80466688,26.19555732,25.13185206,26.85925851,26.5,26.29999924,27.79999924,29.89999962,27.29999924,27.29999924,24,24.5
21.76000023,60,60,60,60,60,60,25,22.70000076,20,23.60000038,24.70000076,20.89999962,101.6,102.2,369.7063413,721.4724444,888.8666789,94.47013425,100,1.419110453,24.84083269,23.75084931,24.13307156,23.48029659,21.97303693,21.84088867,22.71841247,23.74133346,24.01075939,24.6598837,24.68615357,24.4241972,22.60024761,22.13403527,21.87625711,22.28156866,22.40601328,23.85333332,25.20715995,24.23506146,25.37750075,25.58277724,26.19238029,26.18196168,26.69254781,27.25177626,27.89045745,27.84313598,27.08678357,26.18039264,25.81882324,23.23674127,24.34355618,25.20533339,24.70333374,25.34783543,26.03012394,25.71792734,26.42573099,26.38839533,26.76679735,27.54733317,28.17359547,27.32784097,27.54666667,27.16599881,26.46511122,25.69901198,27.5856801,27.10000038,26.60000038,27.70000076,30.10000038,27.70000076,27.29999924,24.2,24.7
21.38500023,100,100,80,100,100,60,26.70000076,27.5,17.20000076,24.20000076,25.29999924,18,120.4,120.8,480.3598542,754.6822222,1069.081253,84.90666444,99.02228965,1.451941825,25.21861174,24.47032718,25.19764636,24.07674117,21.82044461,22.42488892,23.31238016,23.14133265,22.52842168,22.91812808,23.67418755,23.3066664,21.43234562,20.26783676,19.5798836,19.94352892,19.51843134,21.13437891,26.69358031,25.75407383,26.57610914,26.69083269,27.25174677,27.43921585,27.81255042,28.07511163,28.55738565,28.23947674,27.7983624,26.72627496,26.60888927,23.65214808,24.44155613,26.31940791,25.66400065,26.26596594,26.97012533,26.76029622,27.46783769,27.38197519,27.49124094,28.1888893,28.84679777,28.1869289,28.35488878,27.48066623,27.03666626,26.3419741,28.18172833,28.79999924,28.10000038,28.60000038,30.79999924,28.39999962,27.79999924,24,24.5
21.40999985,100,100,85,100,100,60,26.89999962,25.10000038,17.20000076,24.29999924,25.39999962,17.60000038,120.9,121.5,479.1904796,752.948,1037.785708,85.16941919,98.65359571,1.46463397,25.17944302,24.53934653,25.31346332,23.92800058,21.75436985,22.45377767,23.32635004,23.03081525,22.40538009,22.83461978,23.63555574,23.24246902,21.40370393,20.19298281,19.48888896,19.82666726,19.36496758,20.82771227,26.69259199,25.7585178,26.55583394,26.56638828,26.9904758,27.28182955,27.7777773,28.0608884,28.69464135,28.38509944,27.87719327,26.73908612,26.53620957,23.7460734,24.64822184,26.27288791,25.48444404,26.16818748,26.79827173,26.61185258,27.24935724,27.20370506,27.41490199,28.13488851,28.8883663,28.2695421,28.49000054,27.45244425,26.99266683,26.52172731,28.35333388,28.79999924,28.39999962,28.70000076,31,28.60000038,27.70000076,24,24.5
21.90999985,100,99,85,100,100,60,27,25.20000076,17.20000076,24.20000076,25.39999962,17.5,121.2,120.8,475.4518254,757.2386667,1020.661928,85.63054017,98.61815704,1.468567712,25.20944358,24.54457497,25.31555591,23.89540708,21.72533366,22.45422268,23.36158728,23.02222195,22.38526319,22.81076075,23.59658088,23.23432158,21.30172843,20.17777792,19.512983,19.81019622,19.32261468,20.7845747,26.52222117,25.54938287,26.369723,26.37861142,26.68666605,26.98457542,27.72078339,27.93355537,28.76209214,28.47111098,27.97637333,26.76339837,26.5681047,23.68325982,24.62644314,26.11111093,25.18288913,25.93029143,26.55654237,26.31200078,27.0280696,26.99061746,27.23215524,28.09311089,28.9390858,28.40365972,28.63911051,27.46266737,27.02622274,26.5241969,28.39407356,28.79999924,28.5,28.70000076,31,28.60000038,27.70000076,24,24.6
21.53000069,100,99,85,100,100,60,27,25.20000076,17.20000076,24.10000038,25.29999924,17.39999962,121,121.2,473.3678475,755.2364444,1065.764522,86.1238982,98.58384114,1.447057536,25.18916617,24.55634016,25.32993419,23.80325864,21.67674117,22.44311103,23.35460292,22.97896285,22.32280737,22.6984794,23.5046153,23.17876632,21.30271599,20.16655016,19.45660836,19.79267993,19.36287602,20.72914959,26.25061819,25.31753065,26.18222063,26.14222209,26.37079284,26.62797485,27.53777877,27.7157784,28.77385685,28.4865362,27.96397598,26.76156907,26.60496722,23.70133491,24.66555535,25.87614728,24.85688856,25.68257378,26.27333412,25.97185276,26.66479678,26.75580211,27.04130652,28.03155694,28.91712527,28.40261374,28.6762226,27.49933322,27.06755588,26.52567802,28.48493939,28.79999924,28.39999962,28.70000076,31,28.70000076,27.70000076,24,24.6
21.12502487,100,98,85,100,100,60,27,25,17.20000076,24,25.29999924,17.39999962,119.8,120.7,475.7218866,752.1177778,1056.778141,91.4164624,99.80365396,1.45281208,25.39972178,24.6444446,25.3581693,24.32562943,22.17599971,22.54044379,23.39968184,23.08237079,22.44748449,22.79321653,23.54632495,23.38024759,21.2449383,20.40280747,20.11017488,20.28522909,19.80758089,21.40339874,27.06123363,25.83037049,26.42166562,26.67361026,27.12698451,27.18535906,27.29516458,27.52333333,28.00758288,27.56627461,27.11368415,26.63633945,26.49333305,23.67585196,24.67444458,26.91377894,25.78177762,26.22689944,27.17679052,26.61125886,27.13333191,26.71530822,26.98535954,27.37955594,28.47398578,27.77542445,27.78911065,27.33911201,26.78399957,26.61259193,28.46493884,28.79999924,28.39999962,28.70000076,31.10000038,28.70000076,27.70000076,24,24.5
20.89038401,100,100,85,100,100,60,23.39999962,28.10000038,18.89999962,24,25.29999924,19.89999962,121.5,121.9,469.6937564,746.1586667,1041.612476,95.13983723,100,1.453806677,26.06916606,24.8049677,25.43477137,24.65540853,22.70637135,22.72044434,23.59619141,23.34311135,22.80678411,23.30502894,23.98290546,23.86345637,21.52098743,21.11766065,21.07672483,21.29437894,20.93202606,22.49934593,27.36617311,26.20592463,26.53166606,26.90166643,27.50222304,27.22431385,26.7984316,26.94222154,26.95555635,26.31215661,26.15415053,26.39215622,26.27764677,23.56355532,24.51222297,27.85659379,26.43133409,26.54713456,27.3962978,26.68029586,26.98245571,26.30740696,26.47686153,26.63800035,27.95660153,27.01411564,26.5446658,27.11577732,26.6595558,26.47826998,28.33086344,28.5,28.79999924,28.70000076,30.89999962,28.20000076,27.70000076,24,24.5
20.88999939,91,91,80,92,91,60,23.10000038,24.79999924,19.29999924,23.60000038,25.10000038,20.60000038,120.2,120.1,456.2857042,734.7382222,1012.942851,97.41367102,100,1.453318439,25.98999871,24.70326821,25.30535929,24.49066696,22.48236997,22.47644409,23.37523852,23.29303657,22.88865531,23.47625747,24.18564078,24.14592685,21.89160541,21.56093564,21.36538007,21.62928148,21.30196142,22.8962088,26.82814896,25.83357989,26.14333242,26.51055603,27.00603202,26.70509823,26.45673286,26.57533407,26.72679818,26.14196107,25.9153209,26.08026195,25.93882378,23.25629675,24.31222209,27.45333406,25.99088867,26.12163814,26.95679027,26.20059335,26.49754389,25.78024797,25.98823513,26.30022271,27.83869406,26.87973745,26.18555406,26.8737778,26.51466702,26.22049395,28.23654228,28.29999924,28.39999962,28.60000038,30.79999924,28.10000038,27.70000076,24,24.5
20.77000046,100,100,85,100,100,60,23.20000076,24.79999924,19.39999962,23.79999924,25.20000076,20.79999924,117,117.9,463.2825353,734.8755556,1027.30313,97.3114266,100,1.453792582,25.93916575,24.72026248,25.29228691,24.40296351,22.57926007,22.74177734,23.65047685,23.42281476,22.8505264,23.31391901,24.14427396,24.03506101,21.58074054,21.33777819,21.32795332,21.56627469,21.20365996,22.82875785,27.05283987,25.83827236,26.10138889,26.55166694,26.82190503,26.70535945,26.27267939,26.53488675,26.56601355,25.98823434,25.84444616,26.1589539,26.05673094,23.31851798,24.28333388,27.62370352,25.86200033,26.10970695,26.8380246,26.08414931,26.48748544,25.81333385,26.1011773,26.2837778,27.73307212,26.76575186,26.09755493,26.82355537,26.40199938,26.32567862,28.22518642,28.89999962,28.29999924,28.70000076,30.79999924,28,27.70000076,24,24.6
20.71500015,95,95,85,95,95,60,22.89999962,24.70000076,19.5,23.60000038,25,20.89999962,118.2,118.1,456.6873931,733.296,1015.257171,97.38032245,100,1.450002502,26.0063875,24.69281181,25.20862758,24.29688929,22.26607422,22.54977905,23.52920629,23.44918556,22.90970723,23.42736802,24.22598314,24.11777773,21.77629575,21.48233857,21.38900561,21.63032721,21.33856193,22.95790808,26.99851828,25.8558015,26.12138808,26.50722198,26.89428498,26.66980395,26.21464046,26.42466607,26.55921623,25.97490107,25.77801307,25.99581786,25.91058852,23.20799895,24.23111125,27.60918547,25.99599921,26.14994218,26.84024734,26.12800094,26.42105235,25.68271605,25.89986883,26.15688965,27.78797456,26.71660156,26.05266602,26.72311144,26.39733358,26.23185282,28.17012397,28.89999962,28.29999924,28.70000076,30.79999924,27.89999962,27.79999924,24,24.6
20.65999985,90,90,80,90,90,60,22.70000076,24.60000038,19.39999962,23.5,24.79999924,20.89999962,117.8,117.7,450.555555,729.192,1042.960354,97.69224185,100,1.434777319,26.05305481,24.70797494,25.2138557,24.42103696,22.38014694,22.52000041,23.49619063,23.41777724,22.87883087,23.38315737,24.19829133,24.1138274,21.96345697,21.54596383,21.39929813,21.7194774,21.40732111,22.97699326,26.80074101,25.77802433,26.05888926,26.37305501,26.69682559,26.52575125,26.21150381,26.43488837,26.57856318,25.99817006,25.76491285,25.97777762,25.89647001,23.13896285,24.16466743,27.38548087,25.87289035,26.069239,26.68493848,25.92088795,26.28327508,25.61678949,25.91999927,26.14311103,27.77908481,26.74745104,26.03022054,26.7764445,26.37577691,26.14864216,28.09703731,28.70000076,28.29999924,28.60000038,30.70000076,27.79999924,27.70000076,24,24.5
19.8949995,95,95,80,95,95,60,23.5,24.70000076,19.39999962,23.70000076,25.10000038,20.89999962,116.8,117.8,453.2783112,693.2386667,982.7677219,98.11328183,100,1.464320666,25.97722185,24.55712388,25.08993439,24.62992549,22.92503725,22.1795558,22.77587232,22.87614927,22.85590613,23.58385973,24.05504171,24.21604961,22.55851795,21.51485531,21.2624566,21.80862718,21.76078455,23.31686254,26.94642048,25.70617374,25.87333442,26.16416609,26.42476187,26.39163491,26.26405229,26.5282232,26.84784406,26.33150371,25.79555607,25.80549077,25.81908541,22.97481472,23.98466614,27.17007288,25.75044447,25.89099335,26.47308681,25.74933322,26.20467879,25.53703869,25.93019525,26.4066668,27.8248374,26.6292814,26.0737778,26.60799995,26.36555718,25.77333427,27.85407353,28.5,28.29999924,28.60000038,30.79999924,28.10000038,27.70000076,24,24.6
19.89999962,75,75,61,75,76,60,22.5,23.70000076,19.89999962,23,24.5,20.79999924,110.3,111.4,421.0650718,684.25,970.2523687,97.76877421,100,1.436877055,25.91874981,24.35882366,24.84117643,24.40666644,23.18000018,22.13999996,22.57142844,23.01333338,23.41578945,24.31052609,24.70769237,24.87222205,23.36666669,21.63684202,21.72105267,22.1529412,22.55882364,23.90000007,27.59999996,25.81111092,25.52499998,25.88125002,26.20000008,26.29411765,26.14117645,26.43499985,26.97058835,26.39411758,25.53157887,25.75294113,25.67058833,22.90000013,24.08500004,26.62666651,25.31000013,25.58947342,26.44444444,25.54000015,26.07368399,25.33888859,25.84117654,26.66000013,27.95882337,26.30000002,25.97500019,26.53500004,26.22499981,25.41666645,27.62777795,28.39999962,27.89999962,28.10000038,30.39999962,27.79999924,27.39999962,24,24.6
19.48000002,80,80,60,80,80,60,22.70000076,24.29999924,20.10000038,23.29999924,24.5,20.89999962,113.1,113.7,347.8015883,667.0379837,952.0872832,98.78216986,100,1.368298623,25.85478959,24.1643805,24.75079069,24.24245584,22.97797127,22.10487938,22.64663498,23.23893886,23.67549625,24.55640228,24.67289614,25.01774187,23.70763407,21.82563693,21.79010654,22.35339353,22.65944187,23.85790365,27.37524837,25.62865435,25.49448739,25.80449887,26.2157893,26.24535979,26.0750568,26.36238858,26.86823747,26.21671883,25.61647077,25.64680256,25.6303402,22.72596489,23.87878338,26.85508851,25.45755051,25.48168073,26.42590171,25.79358026,26.14958381,25.26991414,25.85447243,26.67996682,27.46078156,26.10840021,26.09173487,26.28180028,26.09200297,25.39287525,27.35744361,28.39999962,28,28.20000076,30.29999924,27.70000076,27.39999962,24.2,24.7
19.34000015,70,70,60,70,70,60,22.10000038,23.5,20,22.5,24,20.79999924,110.2,111.1,392.219357,646.2244444,951.8064556,99.37776541,100,1.413637933,25.69583384,23.9233988,24.42352949,23.79762921,22.80533357,21.74355523,22.25555565,23.20355496,23.90502908,24.84491238,24.83760757,25.19283899,23.63851846,21.88350944,22.10502865,22.56548969,22.85437985,24.08026163,27.44642018,25.52320979,25.17611203,25.50861223,25.90253945,26.03241868,25.80810387,26.10711141,26.35947776,25.98300606,25.62947391,25.41725627,25.28888753,22.21629648,23.63133382,26.30577781,24.98911133,25.19157872,26.3106171,25.34874177,25.89871262,25.02370417,25.70013117,26.60177789,27.07843169,25.65986919,26.25799995,26.18155436,25.86466648,24.910371,27.08493803,28,28,27.89999962,30.29999924,27.70000076,27.29999924,24,24.5
19.30999947,65,65,60,66,65,60,22,23.39999962,20,22.20000076,23.79999924,20.79999924,108.6,107.8,374.411109,624.0395556,866.1079567,99.72688328,100,1.435660004,25.45999976,23.71189491,24.33463957,23.44266674,22.66281485,21.80622206,22.47206411,23.61481463,24.23111037,25.16187066,25.03008512,25.34617257,23.84172823,22.35274801,22.52257316,22.86169904,23.12418229,24.35137245,27.26765438,25.25753068,24.87638872,25.18861033,25.59428537,25.68705983,25.61568604,25.79822306,26.27529361,26.00993509,25.4799986,25.21568627,24.91137217,22.13422128,23.70133341,25.87051884,24.65088874,24.96304046,26.00938359,24.85896186,25.61777786,24.82024657,25.42745106,26.38088813,26.93882378,25.48104543,26.04844564,26.0064445,25.62866753,24.69432026,26.88123282,27.79999924,28,27.60000038,30.10000038,27.60000038,27.20000076,24,24.5
19.31666629,60,60,60,60,60,60,21.60000038,22.60000038,20.5,22.20000076,23.39999962,20.79999924,104.2,105.3,343.2054163,616.8808889,876.8777776,100,100,1.392863932,25.33749983,23.86797441,24.50352919,23.60266728,22.91911178,22.31688883,23.05619003,24.21066687,24.621755,25.57848022,25.54803383,25.73012281,24.37481494,23.08888932,23.16257331,23.39268025,23.46980387,24.57960772,26.9656791,25.08839533,24.63138784,24.90444531,25.33047728,25.36313756,25.43372643,25.62133253,26.10326726,25.88732048,25.53380163,25.11294169,24.83503354,22.4198518,24.09488966,25.57807436,24.46288913,24.66713446,25.83481521,24.60148166,25.42573128,24.66691254,25.31712479,26.28466648,26.62352973,25.25621011,26.11133328,25.98466675,25.54866659,24.61086335,26.85456784,27.70000076,27.79999924,27.60000038,30,27.5,27.20000076,24,24.6
19.32666651,60,60,60,60,60,60,21.5,22.5,20.60000038,22.39999962,23.39999962,20.79999924,103.6,104,348.918716,595.2666667,872.4790423,100,100,1.403233645,25.24444631,23.84967264,24.3568641,23.67644387,23.34251962,22.85288886,23.36698473,24.48977684,24.82058498,25.70409307,25.76786358,25.91358017,24.79012346,23.7190651,23.76093493,24.15581757,24.38614406,25.27085041,26.69975405,24.81333452,24.19500063,24.63722212,25.05809365,25.08104703,25.04000085,25.27311103,26.06431414,25.56339909,24.6409356,24.05516477,24.0386935,22.17155626,24.08644416,25.37303747,24.16422289,24.26994272,25.60543198,24.46133319,25.25380138,24.4602472,25.13516391,26.1393335,26.60705806,24.94509772,25.18777832,24.97733385,24.83822279,24.29580199,26.64889052,27.70000076,27.60000038,27.5,30,27.39999962,27.10000038,24,24.5
19.32999992,60,60,60,60,60,60,20.70000076,22.5,24.5,22.29999924,20.89999962,25.39999962,100,100.3,331.5840585,574.2786667,860.2555697,100,100,1.387592404,25.1486123,23.97568639,24.35058753,23.91674072,23.9908157,23.83688992,24.03872991,25.04859375,25.39228059,26.10035093,26.13846258,26.34987507,25.33506221,24.68654864,24.82713473,25.42588337,25.86797449,26.5247056,26.20617299,24.5224699,23.87583288,24.52333391,24.94857052,24.83032506,24.86535988,25.02866747,25.66718941,25.03320328,24.2269013,23.18901974,23.44758213,22.21185221,24.0657782,25.18696307,23.9995556,24.06783576,25.52889012,24.56888862,25.13192931,24.46321065,25.09071867,26.1266664,26.29751663,24.54692838,24.77822184,24.11444458,24.23755602,24.1239508,26.32543132,27.60000038,27.60000038,27.5,29.5,27,27,23.9,24.5
18.79999924,60,60,60,60,60,60,21.79999924,23.70000076,24.79999924,24.20000076,22.29999924,25.89999962,100.1,99.8,327.1623379,563.2533333,816.75,100,100,1.402448745,25.1202769,24.04261443,24.64235249,24.24236961,24.23644459,24.06266683,24.42920736,25.32414931,25.54549611,26.16421084,26.27521399,26.40987602,25.60024731,24.95555477,25.04561382,25.62588146,25.9958169,26.7074514,25.56666697,24.67382722,24.76972165,24.91027713,25.42888765,25.00104534,25.23660131,25.35444322,25.88993423,25.74823429,25.30432707,24.08601258,24.32444494,23.32474148,24.30377814,25.23674136,24.74933336,24.99906427,25.62765526,24.93392614,25.27415193,24.99357955,25.28967317,26.07822116,26.2431363,25.12183032,25.47777724,24.80044474,24.82177829,24.50740665,26.3417283,27.20000076,26.79999924,27.5,29.10000038,26.89999962,27.10000038,24,24.6
18.77000046,60,60,60,60,60,60,22.10000038,24,24.79999924,24.60000038,22.70000076,26,98.8,98.9,326.369839,549.8648889,799.7110886,100,100,1.411610983,25.06694387,24.03372468,24.66117542,24.29925854,24.18933368,24.17555542,24.56254011,25.46666685,25.6676014,26.27766099,26.41162297,26.43506116,25.66296274,25.10152081,25.15157928,25.71869176,26.06875894,26.76836672,25.77703812,24.89950554,24.94944492,25.23083513,25.7390501,25.29516203,25.42379158,25.55066678,25.98797328,25.78483663,25.58619849,24.39895546,24.59320228,23.67614773,24.48133247,25.5176293,24.88777805,25.31695964,26.07580114,25.34844401,25.56818691,25.34987597,25.47084833,26.04177626,26.34614385,25.33176365,25.6091097,25.07133396,25.00444458,24.57950635,26.34617302,27.29999924,26.70000076,27.39999962,29,27,27,23.9,24.5
18.29500008,60,60,60,60,60,60,22.10000038,25.5,25,24.89999962,23,26.10000038,100.6,99.8,319.5739963,543.1937778,798.6143024,100,100,1.401932286,25.01610938,24.02875745,24.67581636,24.28651855,24.2112585,24.17777724,24.54920693,25.45007451,25.64701792,26.22947348,26.37538499,26.44148085,25.73530854,25.12771896,25.13684182,25.7236585,26.07058887,26.73437915,26.04419834,25.06938145,24.98416697,25.35583462,25.88825509,25.44392122,25.48810413,25.55266751,25.94222308,25.6857524,25.48467882,24.36183029,24.56758164,23.69511149,24.4282213,25.7445931,25.01422255,25.53356662,26.18864128,25.570963,25.77192997,25.47555459,25.53594564,26.072889,26.30195951,25.25777739,25.4033336,25.02955661,24.92577677,24.52938082,26.24617212,27.39999962,26.79999924,27.5,29.10000038,26.89999962,27.10000038,24,24.6
18.29999924,60,60,60,60,60,60,21.89999962,25.60000038,24.89999962,24.60000038,22.89999962,26.10000038,98.8,99.7,320.5272148,540.8702222,792.8206545,100,100,1.406140813,25.00222032,24.01856195,24.61960736,24.24799967,24.20473949,24.15377618,24.5755559,25.46044416,25.64444487,26.21777744,26.35281993,26.41678859,25.7002464,25.11134526,25.11110983,25.67503223,26.05176467,26.69751599,26.0822231,25.05901105,24.97027774,25.37194553,25.90380937,25.40967228,25.46666699,25.45933404,25.80888815,25.58875804,25.56888856,24.36183093,24.55529354,23.60207339,24.35422106,25.78103769,25.0213326,25.45754366,26.24740714,25.55674045,25.74643369,25.45432038,25.48627339,26.02866564,26.187189,25.16470572,25.44644409,25.04222236,24.89044488,24.49037076,26.22617293,27.39999962,26.89999962,27.39999962,29.10000038,26.89999962,27,24,24.5
18.78494985,60,60,60,60,60,60,22,25.60000038,24.89999962,24.89999962,23.10000038,26.10000038,99.2,98.8,322.9142832,537.3782222,787.971453,100,100,1.413394205,24.98833228,24.01490143,24.62117705,24.2675548,24.2127398,24.16133219,24.6047619,25.46962927,25.62619886,26.17333342,26.32991411,26.40765351,25.68691308,25.08631613,25.07765978,25.67137124,26.03346322,26.68287553,26.10963044,25.1419732,25.09305606,25.43194546,25.94730225,25.47686201,25.56052278,25.55733317,25.88313722,25.68183131,25.60561423,24.48496764,24.64444397,23.69955575,24.38599948,25.86874132,25.10800076,25.58105269,26.34962897,25.59170284,25.81567226,25.5279006,25.54091414,26.02422214,26.21385538,25.28627403,25.4988893,25.1560003,25.00177816,24.50320985,26.19901183,27.20000076,26.89999962,27.5,29.10000038,26.89999962,27,24,24.6
18.78023169,60,60,60,60,60,60,22.10000038,25.60000038,24.79999924,24.89999962,23.20000076,26,99.2,99.7,319.6502449,530.4133333,782.3406372,100,100,1.410337085,24.97138757,23.94300649,24.63581687,24.26814761,24.20385073,24.10799995,24.54888858,25.40474121,25.5714621,26.1267838,26.26324828,26.33925887,25.66419746,25.07602411,24.96163651,25.56418282,25.93542465,26.57437896,26.09037167,25.14246796,25.03638848,25.39527825,25.92381146,25.44627438,25.53411809,25.54777791,25.82196085,25.58117644,25.62619843,24.4598703,24.60967212,23.65185267,24.30155463,25.83644332,25.12333388,25.56280653,26.20567883,25.55111003,25.79508778,25.52370289,25.53830072,25.99155599,26.19869185,25.20810403,25.48799913,25.07533257,24.9473329,24.48395017,26.17604815,27.29999924,26.89999962,27.39999962,29.10000038,27,26.89999962,24,24.5
18.23499966,60,60,60,60,60,60,22.20000076,25.70000076,24.79999924,25,23.29999924,26,96.2,97.8,317.0532356,527.1257778,774.9338723,100,100,1.410942494,24.97166528,23.9254898,24.7022212,24.26992549,24.17037001,24.09022135,24.50730097,25.36474121,25.53380091,26.08000046,26.21299183,26.31160497,25.63753059,25.06105243,24.97801057,25.53071895,25.84888733,26.54640587,26.12148211,25.15506094,25.03083377,25.41666701,25.9596825,25.49124062,25.56601323,25.5997781,25.85699263,25.64261499,25.7033927,24.58692874,24.70535889,23.72029514,24.30355455,25.81807454,25.07511081,25.55766116,26.12814685,25.58192437,25.8168427,25.53234487,25.57045643,25.96644382,26.17437848,25.2379085,25.55399929,25.15777629,25.01266561,24.52123571,26.17135688,27.29999924,26.79999924,27.39999962,29,26.89999962,26.89999962,24,24.5
18.22999954,60,60,60,60,60,60,22.60000038,25.70000076,24.79999924,25.10000038,23.79999924,26,96.8,96.8,317.3714213,527.5791111,768.7000035,100,100,1.416119974,25.01277601,23.94039195,24.76156732,24.3078522,24.18133283,24.07066623,24.49110941,25.32770454,25.52818753,26.04257327,26.205128,26.29580304,25.64987801,25.03508701,24.95040861,25.51634019,25.83973748,26.50431379,26.11753111,25.20419696,25.10500014,25.44222226,25.95587429,25.52601294,25.57751624,25.65066678,25.91634083,25.69045761,25.7948542,24.75764687,24.8841824,23.83081344,24.30711019,25.82192781,25.10688856,25.56818833,26.16419768,25.58962873,25.80701712,25.55456814,25.56784221,25.99533339,26.17542493,25.28810509,25.64022217,25.32422173,25.14644382,24.58716167,26.186172,27.29999924,26.79999924,27.29999924,29.10000038,26.79999924,26.89999962,24,24.5
18.92000008,60,60,60,60,60,60,22.20000076,25.60000038,24.79999924,25.10000038,23.70000076,26,97.3,97.2,315.4437625,524.3995556,774.9312611,100,100,1.408866897,25.00722114,23.95947649,24.79947693,24.36,24.17807382,24.07822184,24.52222319,25.33837149,25.52257473,26.03158009,26.16239275,26.24790235,25.62790218,25.04795265,24.95555477,25.50928085,25.80627473,26.49986915,26.10642105,25.25703622,25.20388913,25.47944539,25.96761978,25.59320108,25.64026262,25.75422323,25.98745085,25.83294095,26.01684228,25.16130786,25.15607878,23.94992612,24.36510952,25.80237196,25.16155626,25.64397687,26.2276542,25.61925763,25.82666644,25.56938235,25.58483631,25.9224448,26.22143762,25.44993442,25.83111165,25.71777724,25.42133328,24.65876465,26.29185309,27.29999924,26.79999924,27.29999924,29.10000038,26.70000076,26.89999962,24,24.5
18.92000008,60,60,60,60,60,60,22.20000076,25.5,24.79999924,25.20000076,24.29999924,26,97,97.3,313.7628945,515.5373333,763.0241827,100,100,1.415044143,24.98916609,23.97254838,24.81019598,24.37629557,24.17363028,24.06533257,24.53047669,25.32592737,25.50877179,26.00467822,26.11623911,26.19876634,25.57259288,25.00584752,24.88304115,25.44000013,25.76705825,26.44104451,26.05530931,25.25728247,25.20277846,25.41722073,25.92571324,25.55686227,25.61594765,25.72311171,25.89254924,25.74588152,26.10877179,25.32496713,25.28026083,23.98133355,24.38977743,25.76088994,25.16955526,25.57263069,26.19728265,25.57007324,25.75765945,25.51580223,25.50535897,25.8333332,26.08183067,25.44287572,25.89444444,25.84044352,25.55866618,24.68469073,26.29901229,27.29999924,26.79999924,27.29999924,29.20000076,26.89999962,26.89999962,24,24.5
18.36016605,60,60,60,60,60,60,22.29999924,25.5,24.79999924,25.20000076,24.5,26,96.2,96.9,229.5610322,511.2226667,752.1935484,100,100,1.307095398,25.00194312,24.09359434,24.9427436,24.62755425,24.45985062,24.4017787,24.83523802,25.54370479,25.73496979,26.25520448,26.4547019,26.44716164,25.83580292,25.37824593,25.2418704,25.7037904,25.90352951,26.51058932,26.01086426,25.28888859,25.24777781,25.42444543,25.9057127,25.59163491,25.63398709,25.76711032,25.95529386,25.77986973,26.10268954,25.4156858,25.42222238,24.34548123,24.68822171,25.68770454,25.1646658,25.58011696,26.22271623,25.57392542,25.7789478,25.52246787,25.54640491,25.83999986,26.0839215,25.51764738,25.84066705,25.89199965,25.61333333,24.76098708,26.29753101,27.10000038,26.70000076,27.29999924,29.20000076,26.60000038,26.79999924,23.9,24.4
18.26000023,60,60,60,60,60,60,22.5,25.60000038,24.89999962,25.5,24.60000038,26,95.6,96.7,290.890626,503.6937778,743.2562618,100,100,1.393387214,25.03666551,24.16078368,25.01516321,24.71140625,24.48681496,24.46755588,24.88888947,25.57214898,25.7288904,26.23976594,26.46529927,26.39555634,25.76049398,25.36608101,25.27204576,25.73176477,25.87163389,26.4499341,26.1476558,25.38197519,25.32583262,25.45805478,25.92602965,25.63215603,25.71320242,25.86355577,26.02797309,25.85307123,26.14690098,25.50614452,25.51058884,24.50311144,24.79333279,25.81540817,25.32200033,25.65029183,26.19036986,25.56474013,25.78619863,25.5795059,25.55503281,25.79755561,26.05280921,25.5409143,25.89333415,25.96555393,25.69733303,24.87481584,26.361976,27.10000038,26.60000038,27.39999962,29.29999924,26.70000076,26.89999962,24,24.5
17.52500892,60,60,60,60,60,60,22.5,25.70000076,26.20000076,26.60000038,24.70000076,25.89999962,94.6,95.1,295.1349092,500.2675556,738.1952447,100,100,1.401752038,25.13999769,24.25986958,25.06849724,24.77096318,24.57155599,24.52088894,24.93873,25.62163068,25.78105297,26.25637435,26.46495726,26.43728555,25.76740662,25.32725209,25.2556722,25.73620957,25.89594774,26.45986903,26.23160536,25.46493809,25.36555684,25.50944383,25.95968095,25.67947655,25.73516327,25.87622179,26.0352938,25.86901903,26.19883041,25.55973706,25.54614417,24.56918566,24.82199985,25.87140589,25.38133328,25.73099387,26.20123412,25.59022117,25.80818713,25.58518519,25.56784285,25.82666572,26.05150266,25.56444371,25.92777791,25.98533339,25.72799967,24.90716025,26.40987549,26.89999962,26.70000076,27.39999962,29.29999924,26.70000076,26.79999924,24,24.5
17.51000023,60,60,60,60,60,60,22.70000076,25.70000076,24.70000076,25.29999924,24.70000076,25.89999962,94.2,95.2,310.7853766,498.4502222,737.780939,100,100,1.423120044,25.06861115,24.10274459,24.8925486,24.50429489,24.24118526,24.12355577,24.60349179,25.33688965,25.49660744,25.9869005,26.1121365,26.19382837,25.54271655,24.96491357,24.93847949,25.51686278,25.72888981,26.38901926,26.2029636,25.42641948,25.34361216,25.49138777,25.89650646,25.64470582,25.69986947,25.86733303,25.96287642,25.86379203,26.25076012,25.54039107,25.47137252,24.27674117,24.51466607,25.85659288,25.33644504,25.64842122,26.17678931,25.53807328,25.78011724,25.57456748,25.54980437,25.74422241,25.96784397,25.66483641,25.96333388,26.00133274,25.70199951,24.82567817,26.31234613,26.89999962,26.60000038,27.29999924,29.29999924,26.60000038,26.70000076,24,24.5
17.52000046,60,60,60,60,60,60,22.39999962,25.70000076,24.70000076,25.39999962,24.70000076,25.89999962,94,94.4,316.3923045,499.7342222,736.7793531,100,100,1.43338984,25.10555573,24.12444446,24.93097985,24.53392488,24.28503689,24.09377713,24.53904797,25.29866645,25.42877147,25.947603,26.07384544,26.17629817,25.48444463,24.96140322,24.87883072,25.47555658,25.75137309,26.39503166,26.22642024,25.42938263,25.32861074,25.49666663,25.91650604,25.61568643,25.68078374,25.82222087,25.83241773,25.6831385,26.22783546,25.54614258,25.46875782,24.26162977,24.44999898,25.87081398,25.29777954,25.64444459,26.24296212,25.5448877,25.7583626,25.53308527,25.49437934,25.69488783,25.85411912,25.63320169,25.9355561,25.96622274,25.69355509,24.79925793,26.25975297,26.89999962,26.70000076,27.29999924,29.29999924,26.70000076,26.79999924,24,24.5
17.52000046,60,60,60,60,60,60,22.39999962,25.70000076,24.79999924,25.39999962,24.70000076,25.89999962,94.6,95.2,316.447402,506.0866667,740.0047656,100,100,1.429544676,25.14611274,24.17464041,24.92731934,24.54725803,24.26903664,24.13244385,24.61492029,25.33807473,25.4626896,25.96467871,26.08307688,26.17135854,25.49061724,24.97520431,24.88023339,25.47764709,25.74091446,26.39895291,26.27876534,25.47728317,25.3961102,25.54361318,25.9473007,25.64392186,25.71450929,25.87266656,25.92758199,25.75660217,26.20958987,25.56627333,25.48287601,24.27644513,24.47888869,25.94340802,25.39911051,25.74877159,26.29086341,25.58785102,25.81684242,25.59506037,25.5487576,25.7626671,25.9312425,25.70352935,25.89977783,25.97177734,25.71822238,24.82666603,26.32024845,26.89999962,26.70000076,27.29999924,29.29999924,26.60000038,26.79999924,24,24.5
